<?xml version="1.0" encoding="UTF-8"?>

<!-- ====================================================================== -->
<!-- Ant build file (http://ant.apache.org/) for Ant 1.6.2 or above.        -->
<!-- ====================================================================== -->

<!-- ====================================================================== -->
<!-- ===================== - DO NOT EDIT THIS FILE! - ===================== -->
<!-- ====================================================================== -->
<!--                                                                        -->
<!-- Any modifications will be overwritten.                                 -->
<!--                                                                        -->
<!-- Generated by Maven Ant Plugin on 9/10/18 10:30 PM                      -->
<!-- See: http://maven.apache.org/plugins/maven-ant-plugin/                 -->
<!--                                                                        -->
<!-- ====================================================================== -->

<project name="robocode-from-maven" default="package" basedir=".">

  <!-- ====================================================================== -->
  <!-- Cleaning up target                                                     -->
  <!-- ====================================================================== -->

  <target name="clean" description="Clean the output directory">
    <ant antfile="build.xml" dir="robocode.api" target="clean"/>
    <ant antfile="build.xml" dir="robocode.core" target="clean"/>
    <ant antfile="build.xml" dir="robocode.battle" target="clean"/>
    <ant antfile="build.xml" dir="robocode.host" target="clean"/>
    <ant antfile="build.xml" dir="robocode.ui" target="clean"/>
    <ant antfile="build.xml" dir="robocode.ui.editor" target="clean"/>
    <ant antfile="build.xml" dir="robocode.sound" target="clean"/>
    <ant antfile="build.xml" dir="robocode.samples" target="clean"/>
    <ant antfile="build.xml" dir="robocode.roborumble" target="clean"/>
    <ant antfile="build.xml" dir="robocode.tests.robots" target="clean"/>
    <ant antfile="build.xml" dir="robocode.tests" target="clean"/>
    <ant antfile="build.xml" dir="robocode.installer" target="clean"/>
    <ant antfile="build.xml" dir="robocode.repository" target="clean"/>
    <ant antfile="build.xml" dir="robocode.content" target="clean"/>
    <ant antfile="build.xml" dir="robocode.distribution" target="clean"/>
  </target>

  <!-- ====================================================================== -->
  <!-- Compilation target                                                     -->
  <!-- ====================================================================== -->

  <target name="compile" description="Compile the code">
    <ant antfile="build.xml" dir="robocode.api" target="compile"/>
    <ant antfile="build.xml" dir="robocode.core" target="compile"/>
    <ant antfile="build.xml" dir="robocode.battle" target="compile"/>
    <ant antfile="build.xml" dir="robocode.host" target="compile"/>
    <ant antfile="build.xml" dir="robocode.ui" target="compile"/>
    <ant antfile="build.xml" dir="robocode.ui.editor" target="compile"/>
    <ant antfile="build.xml" dir="robocode.sound" target="compile"/>
    <ant antfile="build.xml" dir="robocode.samples" target="compile"/>
    <ant antfile="build.xml" dir="robocode.roborumble" target="compile"/>
    <ant antfile="build.xml" dir="robocode.tests.robots" target="compile"/>
    <ant antfile="build.xml" dir="robocode.tests" target="compile"/>
    <ant antfile="build.xml" dir="robocode.installer" target="compile"/>
    <ant antfile="build.xml" dir="robocode.repository" target="compile"/>
    <ant antfile="build.xml" dir="robocode.content" target="compile"/>
    <ant antfile="build.xml" dir="robocode.distribution" target="compile"/>
  </target>

  <!-- ====================================================================== -->
  <!-- Test-compilation target                                                -->
  <!-- ====================================================================== -->

  <target name="compile-tests" description="Compile the test code">
    <ant antfile="build.xml" dir="robocode.api" target="compile-tests"/>
    <ant antfile="build.xml" dir="robocode.core" target="compile-tests"/>
    <ant antfile="build.xml" dir="robocode.battle" target="compile-tests"/>
    <ant antfile="build.xml" dir="robocode.host" target="compile-tests"/>
    <ant antfile="build.xml" dir="robocode.ui" target="compile-tests"/>
    <ant antfile="build.xml" dir="robocode.ui.editor" target="compile-tests"/>
    <ant antfile="build.xml" dir="robocode.sound" target="compile-tests"/>
    <ant antfile="build.xml" dir="robocode.samples" target="compile-tests"/>
    <ant antfile="build.xml" dir="robocode.roborumble" target="compile-tests"/>
    <ant antfile="build.xml" dir="robocode.tests.robots" target="compile-tests"/>
    <ant antfile="build.xml" dir="robocode.tests" target="compile-tests"/>
    <ant antfile="build.xml" dir="robocode.installer" target="compile-tests"/>
    <ant antfile="build.xml" dir="robocode.repository" target="compile-tests"/>
    <ant antfile="build.xml" dir="robocode.content" target="compile-tests"/>
    <ant antfile="build.xml" dir="robocode.distribution" target="compile-tests"/>
  </target>

  <!-- ====================================================================== -->
  <!-- Run all tests                                                          -->
  <!-- ====================================================================== -->

  <target name="test" description="Run the test cases">
    <ant antfile="build.xml" dir="robocode.api" target="test"/>
    <ant antfile="build.xml" dir="robocode.core" target="test"/>
    <ant antfile="build.xml" dir="robocode.battle" target="test"/>
    <ant antfile="build.xml" dir="robocode.host" target="test"/>
    <ant antfile="build.xml" dir="robocode.ui" target="test"/>
    <ant antfile="build.xml" dir="robocode.ui.editor" target="test"/>
    <ant antfile="build.xml" dir="robocode.sound" target="test"/>
    <ant antfile="build.xml" dir="robocode.samples" target="test"/>
    <ant antfile="build.xml" dir="robocode.roborumble" target="test"/>
    <ant antfile="build.xml" dir="robocode.tests.robots" target="test"/>
    <ant antfile="build.xml" dir="robocode.tests" target="test"/>
    <ant antfile="build.xml" dir="robocode.installer" target="test"/>
    <ant antfile="build.xml" dir="robocode.repository" target="test"/>
    <ant antfile="build.xml" dir="robocode.content" target="test"/>
    <ant antfile="build.xml" dir="robocode.distribution" target="test"/>
  </target>

  <!-- ====================================================================== -->
  <!-- Javadoc target                                                         -->
  <!-- ====================================================================== -->

  <target name="javadoc" description="Generates the Javadoc of the application">
    <ant antfile="build.xml" dir="robocode.api" target="javadoc"/>
    <ant antfile="build.xml" dir="robocode.core" target="javadoc"/>
    <ant antfile="build.xml" dir="robocode.battle" target="javadoc"/>
    <ant antfile="build.xml" dir="robocode.host" target="javadoc"/>
    <ant antfile="build.xml" dir="robocode.ui" target="javadoc"/>
    <ant antfile="build.xml" dir="robocode.ui.editor" target="javadoc"/>
    <ant antfile="build.xml" dir="robocode.sound" target="javadoc"/>
    <ant antfile="build.xml" dir="robocode.samples" target="javadoc"/>
    <ant antfile="build.xml" dir="robocode.roborumble" target="javadoc"/>
    <ant antfile="build.xml" dir="robocode.tests.robots" target="javadoc"/>
    <ant antfile="build.xml" dir="robocode.tests" target="javadoc"/>
    <ant antfile="build.xml" dir="robocode.installer" target="javadoc"/>
    <ant antfile="build.xml" dir="robocode.repository" target="javadoc"/>
    <ant antfile="build.xml" dir="robocode.content" target="javadoc"/>
    <ant antfile="build.xml" dir="robocode.distribution" target="javadoc"/>
  </target>

  <!-- ====================================================================== -->
  <!-- Package target                                                         -->
  <!-- ====================================================================== -->

  <target name="package" description="Package the application">
    <ant antfile="build.xml" dir="robocode.api" target="package"/>
    <ant antfile="build.xml" dir="robocode.core" target="package"/>
    <ant antfile="build.xml" dir="robocode.battle" target="package"/>
    <ant antfile="build.xml" dir="robocode.host" target="package"/>
    <ant antfile="build.xml" dir="robocode.ui" target="package"/>
    <ant antfile="build.xml" dir="robocode.ui.editor" target="package"/>
    <ant antfile="build.xml" dir="robocode.sound" target="package"/>
    <ant antfile="build.xml" dir="robocode.samples" target="package"/>
    <ant antfile="build.xml" dir="robocode.roborumble" target="package"/>
    <ant antfile="build.xml" dir="robocode.tests.robots" target="package"/>
    <ant antfile="build.xml" dir="robocode.tests" target="package"/>
    <ant antfile="build.xml" dir="robocode.installer" target="package"/>
    <ant antfile="build.xml" dir="robocode.repository" target="package"/>
    <ant antfile="build.xml" dir="robocode.content" target="package"/>
    <ant antfile="build.xml" dir="robocode.distribution" target="package"/>
  </target>

</project>
